<?xml version="1.0" encoding="UTF-8"?>
<project-private xmlns="http://www.netbeans.org/ns/project-private/1">
    <editor-bookmarks xmlns="http://www.netbeans.org/ns/editor-bookmarks/2" lastBookmarkId="0"/>
    <open-files xmlns="http://www.netbeans.org/ns/projectui-open-files/2">
        <group>
            <file>file:/C:/Chain/comsci/Lab12_3/src/lab12_3/TransactionRecord.java</file>
            <file>file:/C:/Chain/comsci/Lab12_3/src/lab12_3/AccountRecord.java</file>
            <file>file:/C:/Chain/comsci/Lab12_3/</file>
            <file>file:/C:/Chain/comsci/Lab12_3/src/lab12_3/Lab12_3.java</file>
        </group>
    </open-files>
</project-private>
